timestamp,temperature,radiation,pressure,battery_level,signal_strength,velocity,altitude
2026-01-15T08:00:00Z,22.46,2.8773,101.094,74.96,-72.54,7.685,408.29
2026-01-15T08:00:30Z,21.07,2.7552,101.16,75.86,-70.54,7.6765,408.78
2026-01-15T08:01:00Z,24.38,3.0749,101.232,75.53,-71.1,7.7049,407.68
2026-01-15T08:01:30Z,25.29,2.8313,101.19,75.84,-72.0,7.6374,408.59
2026-01-15T08:02:00Z,21.58,2.8715,101.145,76.76,-71.93,7.6658,408.22
2026-01-15T08:02:30Z,23.17,3.0895,101.143,75.16,-72.59,7.6646,408.49
2026-01-15T08:03:00Z,25.93,3.1639,101.139,77.97,-69.99,7.6372,407.8
2026-01-15T08:03:30Z,25.88,3.1575,101.125,77.9,-70.49,7.7006,408.79
2026-01-15T08:04:00Z,26.94,2.8779,101.377,78.35,-72.64,7.6766,408.63
2026-01-15T08:04:30Z,26.28,3.2515,101.218,79.67,-70.17,7.6995,408.43
2026-01-15T08:05:00Z,29.48,3.0553,101.264,77.15,-70.35,7.7346,408.68
2026-01-15T08:05:30Z,29.91,3.2848,101.154,77.52,-67.11,7.6829,408.3
2026-01-15T08:06:00Z,29.42,3.0745,101.177,80.15,-70.79,7.6841,408.41
2026-01-15T08:06:30Z,31.58,3.393,101.134,80.25,-70.22,7.6974,408.49
2026-01-15T08:07:00Z,31.15,3.2424,100.979,80.8,-66.91,7.7173,408.11
2026-01-15T08:07:30Z,29.71,3.2076,101.08,80.54,-66.37,7.6887,408.97
2026-01-15T08:08:00Z,32.09,3.543,101.044,82.02,-68.65,7.6898,409.11
2026-01-15T08:08:30Z,30.63,3.5073,101.009,82.64,-68.28,7.7259,408.59
2026-01-15T08:09:00Z,33.9,3.4132,101.092,82.54,-66.56,7.7146,408.94
2026-01-15T08:09:30Z,33.01,3.7565,101.293,82.13,-69.87,7.6684,408.8
2026-01-15T08:10:00Z,33.29,3.5052,101.183,80.61,-69.09,7.6869,409.01
2026-01-15T08:10:30Z,33.02,3.6078,101.289,83.8,-66.98,7.7436,408.76
2026-01-15T08:11:00Z,36.34,3.6739,101.218,84.56,-64.58,7.7236,408.72
2026-01-15T08:11:30Z,34.72,3.5703,101.247,84.28,-66.77,7.7023,409.34
2026-01-15T08:12:00Z,34.73,3.7624,101.112,83.04,-65.93,7.716,409.04
2026-01-15T08:12:30Z,35.26,3.6392,101.225,84.87,-64.51,7.7215,409.69
2026-01-15T08:13:00Z,36.98,3.6839,101.241,85.32,-63.17,7.7378,409.13
2026-01-15T08:13:30Z,37.11,3.9752,101.136,86.27,-66.22,7.6976,408.87
2026-01-15T08:14:00Z,37.54,3.6388,101.226,84.07,-65.39,7.7095,409.54
2026-01-15T08:14:30Z,37.91,3.4557,101.226,84.95,-63.03,7.7333,409.39
2026-01-15T08:15:00Z,40.8,4.0809,101.136,86.14,-66.9,7.7273,409.44
2026-01-15T08:15:30Z,37.28,4.2419,101.089,85.65,-63.7,7.7421,409.6
2026-01-15T08:16:00Z,37.41,3.8178,101.084,84.67,-66.03,7.7073,409.07
2026-01-15T08:16:30Z,37.22,3.6057,101.185,86.38,-64.57,7.7402,409.25
2026-01-15T08:17:00Z,39.61,3.866,101.203,86.7,-64.87,7.756,409.25
2026-01-15T08:17:30Z,40.61,3.8847,101.113,86.36,-65.63,7.7449,408.93
2026-01-15T08:18:00Z,38.95,3.9128,101.178,86.63,-65.57,7.7389,409.26
2026-01-15T08:18:30Z,38.04,3.7865,101.221,86.28,-63.98,7.735,409.75
2026-01-15T08:19:00Z,38.23,4.0513,101.224,88.12,-63.04,7.7209,409.43
2026-01-15T08:19:30Z,40.58,4.0525,101.298,85.84,-64.33,7.7368,408.97
2026-01-15T08:20:00Z,40.84,3.7576,101.275,86.23,-64.04,7.764,408.91
2026-01-15T08:20:30Z,40.64,4.0932,101.093,86.89,-63.39,7.7368,409.88
2026-01-15T08:21:00Z,38.9,4.3013,101.307,87.81,-65.21,7.7218,409.36
2026-01-15T08:21:30Z,40.3,4.0229,101.129,85.47,-63.13,7.73,409.19
2026-01-15T08:22:00Z,40.16,3.9487,101.254,85.68,-63.02,7.744,409.31
2026-01-15T08:22:30Z,40.33,3.9787,101.175,84.96,-60.88,7.7325,408.94
2026-01-15T08:23:00Z,41.3,4.0916,101.136,87.03,-64.46,7.7497,409.81
2026-01-15T08:23:30Z,40.29,3.7375,101.024,85.85,-64.57,7.7503,409.26
2026-01-15T08:24:00Z,40.92,4.0181,101.154,86.55,-63.12,7.7573,409.78
2026-01-15T08:24:30Z,39.93,3.9298,101.043,87.54,-63.09,7.7677,409.38
2026-01-15T08:25:00Z,40.16,4.2589,101.244,86.18,-64.76,7.7587,409.78
2026-01-15T08:25:30Z,40.55,3.9477,101.287,86.97,-64.66,7.7196,409.42
2026-01-15T08:26:00Z,37.28,4.2145,101.102,86.34,-63.59,7.7196,409.58
2026-01-15T08:26:30Z,38.82,3.788,101.189,87.21,-65.3,7.7354,409.52
2026-01-15T08:27:00Z,38.41,4.0294,101.106,86.89,-64.88,7.7271,409.48
2026-01-15T08:27:30Z,37.96,3.9755,101.113,85.58,-64.37,7.7124,409.38
2026-01-15T08:28:00Z,38.28,3.7823,101.225,85.96,-63.39,7.7253,409.18
2026-01-15T08:28:30Z,40.69,3.9229,101.159,87.01,-65.42,7.7236,409.8
2026-01-15T08:29:00Z,36.88,4.0604,101.3,86.18,-67.02,7.7185,408.93
2026-01-15T08:29:30Z,39.35,3.811,101.122,84.2,-67.24,7.7243,409.18
2026-01-15T08:30:00Z,35.06,3.5854,101.24,86.05,-66.58,7.7529,409.15
2026-01-15T08:30:30Z,36.76,3.815,101.167,84.09,-66.79,7.7318,409.24
2026-01-15T08:31:00Z,37.17,3.6595,101.222,86.36,-65.55,7.7758,408.96
2026-01-15T08:31:30Z,37.44,3.7195,101.122,85.73,-66.95,7.7281,409.15
2026-01-15T08:32:00Z,37.25,3.7334,101.153,84.75,-66.54,7.7172,408.97
2026-01-15T08:32:30Z,36.98,3.4634,101.147,84.35,-66.8,7.7214,408.51
2026-01-15T08:33:00Z,34.85,3.4494,101.089,83.71,-66.58,7.7246,408.95
2026-01-15T08:33:30Z,34.25,3.7355,101.208,84.31,-64.66,7.7263,408.58
2026-01-15T08:34:00Z,35.79,3.5552,101.207,82.97,-65.65,7.7571,408.35
2026-01-15T08:34:30Z,33.76,3.2182,101.201,83.27,-66.63,7.6966,408.87
2026-01-15T08:35:00Z,31.66,3.6891,101.276,83.59,-67.41,7.7286,408.94
2026-01-15T08:35:30Z,31.38,3.5796,101.269,81.83,-67.59,7.7134,408.9
2026-01-15T08:36:00Z,31.2,3.3983,101.122,81.44,-66.9,7.6756,408.87
2026-01-15T08:36:30Z,32.81,3.2735,101.181,80.52,-66.83,7.7201,408.08
2026-01-15T08:37:00Z,31.75,3.5613,101.101,80.29,-68.85,7.7277,408.2
2026-01-15T08:37:30Z,32.04,3.4524,101.152,79.17,-67.96,7.6829,409.15
2026-01-15T08:38:00Z,29.81,3.7208,101.101,81.36,-70.68,7.6974,408.2
2026-01-15T08:38:30Z,30.13,3.3891,101.278,82.07,-68.24,7.6606,408.65
2026-01-15T08:39:00Z,30.26,3.3462,101.177,81.31,-67.83,7.6674,408.21
2026-01-15T08:39:30Z,28.28,3.2245,101.13,77.87,-69.34,7.7109,408.39
2026-01-15T08:40:00Z,38.73,11.2202,101.242,79.83,-67.08,7.678,408.12
2026-01-15T08:40:30Z,38.56,11.2847,100.972,80.13,-70.59,7.6625,408.43
2026-01-15T08:41:00Z,34.47,10.3757,100.984,77.85,-69.53,7.6866,408.25
2026-01-15T08:41:30Z,25.78,3.0121,101.208,78.0,-70.11,7.6689,408.02
2026-01-15T08:42:00Z,23.95,2.9842,101.149,75.49,-70.46,7.6672,407.79
2026-01-15T08:42:30Z,25.86,2.9365,101.163,77.35,-70.75,7.6887,408.13
2026-01-15T08:43:00Z,23.8,3.0856,101.036,75.61,-70.76,7.6479,407.63
2026-01-15T08:43:30Z,23.9,3.1502,101.14,76.45,-70.15,7.6503,408.07
2026-01-15T08:44:00Z,23.98,2.8149,101.302,74.28,-69.79,7.6687,408.67
2026-01-15T08:44:30Z,23.3,2.7782,101.207,75.96,-71.72,7.6822,408.23
2026-01-15T08:45:00Z,23.0,2.8471,101.153,76.02,-71.02,7.6848,407.99
2026-01-15T08:45:30Z,21.22,2.7213,101.104,73.8,-73.12,7.6439,407.69
2026-01-15T08:46:00Z,20.11,2.8591,101.107,73.03,-71.64,7.6732,407.08
2026-01-15T08:46:30Z,20.0,2.3368,100.968,71.59,-73.75,7.636,407.21
2026-01-15T08:47:00Z,16.96,2.509,101.158,73.06,-71.8,7.6854,407.94
2026-01-15T08:47:30Z,16.7,2.4743,101.204,72.33,-70.74,7.6234,407.26
2026-01-15T08:48:00Z,16.27,2.2025,101.01,70.95,-73.81,7.6699,407.24
2026-01-15T08:48:30Z,16.15,2.3651,101.082,72.55,-76.57,7.6275,407.34
2026-01-15T08:49:00Z,17.64,2.332,101.042,71.24,-74.86,7.6782,407.02
2026-01-15T08:49:30Z,15.08,2.399,101.057,70.22,-72.99,7.6471,406.92
2026-01-15T08:50:00Z,15.28,2.5565,101.138,70.34,-74.07,7.6123,407.22
2026-01-15T08:50:30Z,17.21,2.3137,100.966,71.58,-74.7,7.6196,406.92
2026-01-15T08:51:00Z,14.14,2.1573,101.181,70.72,-74.04,7.6431,406.91
2026-01-15T08:51:30Z,15.22,2.2654,101.192,69.61,-74.93,7.646,406.85
2026-01-15T08:52:00Z,12.15,2.394,101.11,69.99,-74.29,7.621,407.19
2026-01-15T08:52:30Z,12.69,2.0536,100.931,67.84,-74.9,7.6209,406.92
2026-01-15T08:53:00Z,11.04,2.0275,101.05,68.67,-74.41,7.6328,406.89
2026-01-15T08:53:30Z,11.43,2.2128,101.227,68.44,-76.04,7.6179,407.07
2026-01-15T08:54:00Z,12.68,2.0614,100.906,67.48,-75.62,7.5871,406.81
2026-01-15T08:54:30Z,8.33,2.1583,101.099,68.05,-77.29,7.5945,406.72
2026-01-15T08:55:00Z,11.08,2.0266,101.032,66.51,-77.86,7.6133,406.9
2026-01-15T08:55:30Z,10.31,2.1023,101.19,67.48,-75.3,7.6308,406.92
2026-01-15T08:56:00Z,8.6,1.8111,101.071,67.22,-77.3,7.6367,406.63
2026-01-15T08:56:30Z,6.88,1.935,101.157,63.45,-76.79,7.618,406.66
2026-01-15T08:57:00Z,8.73,1.8766,101.169,67.27,-77.8,7.6063,406.37
2026-01-15T08:57:30Z,7.42,1.6984,101.27,62.76,-78.83,7.6137,406.3
2026-01-15T08:58:00Z,8.16,1.6199,101.106,64.93,-78.29,7.5836,406.76
2026-01-15T08:58:30Z,7.47,1.932,101.152,66.32,-76.75,7.5922,406.63
2026-01-15T08:59:00Z,9.48,1.7525,101.002,64.73,-77.97,7.5772,406.6
2026-01-15T08:59:30Z,6.38,1.629,101.216,63.36,-80.84,7.5672,406.51
2026-01-15T09:00:00Z,4.88,1.7463,101.059,63.51,-79.19,7.5974,406.41
2026-01-15T09:00:30Z,6.38,1.9097,101.074,65.43,-76.92,7.5931,406.58
2026-01-15T09:01:00Z,6.15,1.3793,101.117,62.29,-79.45,7.6018,406.63
2026-01-15T09:01:30Z,7.59,1.4792,100.993,65.17,-81.47,7.5978,406.6
2026-01-15T09:02:00Z,6.56,1.5489,101.135,63.82,-77.15,7.5907,406.27
2026-01-15T09:02:30Z,5.62,1.8915,101.194,62.53,-78.7,7.596,406.69
2026-01-15T09:03:00Z,7.08,1.7011,101.139,63.0,-79.69,7.5831,406.33
2026-01-15T09:03:30Z,2.91,1.7616,100.988,62.45,-80.14,7.5914,406.43
2026-01-15T09:04:00Z,3.58,1.4646,101.105,64.22,-78.46,7.5679,406.31
2026-01-15T09:04:30Z,3.0,1.4583,101.173,63.99,-80.48,7.5891,406.28
2026-01-15T09:05:00Z,3.69,1.6854,100.963,61.46,-78.5,7.5946,405.98
2026-01-15T09:05:30Z,2.11,1.6204,101.027,62.71,-79.27,7.5674,406.4
2026-01-15T09:06:00Z,5.05,1.6889,101.182,62.2,-79.66,7.5815,407.03
2026-01-15T09:06:30Z,3.71,1.5748,101.133,64.32,-79.81,7.5677,406.06
2026-01-15T09:07:00Z,1.8,1.6425,101.143,61.66,-80.21,7.5695,406.19
2026-01-15T09:07:30Z,2.48,1.6237,101.259,64.6,-78.75,7.5575,406.03
2026-01-15T09:08:00Z,4.48,1.7174,101.147,62.97,-81.03,7.6054,406.01
2026-01-15T09:08:30Z,5.3,1.724,101.161,61.87,-81.93,7.6015,406.62
2026-01-15T09:09:00Z,7.09,1.3636,101.325,62.39,-79.22,7.5912,405.96
2026-01-15T09:09:30Z,8.55,1.2746,101.09,62.32,-79.16,7.6202,406.02
2026-01-15T09:10:00Z,64.01,1.7685,101.043,61.91,-79.3,7.5774,405.7
2026-01-15T09:10:30Z,70.86,1.8044,101.14,63.36,-79.34,7.6424,405.95
2026-01-15T09:11:00Z,67.51,1.4826,101.14,62.13,-80.15,7.5778,405.68
2026-01-15T09:11:30Z,77.04,1.3675,101.062,61.28,-78.75,7.5882,406.39
2026-01-15T09:12:00Z,72.04,1.6736,101.021,63.21,-79.66,7.576,407.05
2026-01-15T09:12:30Z,70.33,1.812,101.288,61.92,-80.1,7.5923,406.12
2026-01-15T09:13:00Z,74.77,1.957,101.129,63.12,-79.79,7.6025,405.74
2026-01-15T09:13:30Z,66.14,1.7812,101.043,63.13,-76.88,7.5846,406.53
2026-01-15T09:14:00Z,75.12,1.6657,101.174,63.34,-81.27,7.6236,406.06
2026-01-15T09:14:30Z,62.05,1.6065,101.092,66.41,-78.46,7.5941,406.69
2026-01-15T09:15:00Z,71.91,1.7625,101.08,64.66,-80.94,7.5961,406.24
2026-01-15T09:15:30Z,76.96,1.7375,101.144,65.07,-78.91,7.574,406.16
2026-01-15T09:16:00Z,74.61,1.6529,100.995,63.28,-79.15,7.602,406.32
2026-01-15T09:16:30Z,75.66,2.1365,101.126,64.64,-80.97,7.5926,406.63
2026-01-15T09:17:00Z,68.35,2.1222,101.25,65.76,-77.84,7.5848,406.36
2026-01-15T09:17:30Z,75.19,2.0512,101.134,64.78,-78.58,7.5832,406.31
2026-01-15T09:18:00Z,8.82,1.7701,101.066,66.99,-80.46,7.654,406.43
2026-01-15T09:18:30Z,10.53,2.065,101.055,65.17,-76.75,7.5972,406.15
2026-01-15T09:19:00Z,8.75,2.0624,101.062,66.38,-75.84,7.5753,406.68
2026-01-15T09:19:30Z,8.18,2.0634,101.074,66.38,-75.56,7.5925,406.06
2026-01-15T09:20:00Z,8.98,2.2161,101.063,67.45,-76.71,7.6075,406.5
2026-01-15T09:20:30Z,9.83,2.1565,101.166,66.97,-76.87,7.6217,406.9
2026-01-15T09:21:00Z,14.61,2.2057,100.953,67.68,-75.11,7.6241,406.8
2026-01-15T09:21:30Z,10.7,2.2245,101.16,68.05,-74.45,7.6288,406.93
2026-01-15T09:22:00Z,13.72,2.2152,101.06,67.91,-74.88,7.6047,406.77
2026-01-15T09:22:30Z,11.65,1.9325,101.12,69.49,-77.13,7.6268,407.19
2026-01-15T09:23:00Z,14.95,2.2492,100.999,69.6,-75.51,7.6049,407.16
2026-01-15T09:23:30Z,14.69,2.1905,101.195,69.65,-74.98,7.6125,407.06
2026-01-15T09:24:00Z,14.44,2.1199,101.187,69.69,-77.43,7.6091,407.25
2026-01-15T09:24:30Z,15.2,2.6027,101.164,71.3,-74.43,7.6063,407.24
2026-01-15T09:25:00Z,14.86,2.6489,100.965,70.66,-72.01,7.6539,406.93
2026-01-15T09:25:30Z,17.11,2.6331,101.152,70.99,-73.7,7.6491,406.71
2026-01-15T09:26:00Z,16.36,2.5075,101.118,71.8,-72.44,7.6575,407.28
2026-01-15T09:26:30Z,15.81,2.7123,100.956,73.79,-73.72,7.6414,407.37
2026-01-15T09:27:00Z,16.34,2.5523,101.082,71.16,-73.75,7.6589,407.58
2026-01-15T09:27:30Z,19.13,2.622,101.112,73.69,-72.93,7.6109,407.02
2026-01-15T09:28:00Z,21.86,2.469,101.127,71.44,-74.09,7.6661,407.08
2026-01-15T09:28:30Z,20.36,2.7341,101.096,73.96,-73.99,7.6552,407.54
2026-01-15T09:29:00Z,20.57,2.7254,101.104,75.74,-71.04,7.667,407.43
2026-01-15T09:29:30Z,21.8,2.5627,101.198,75.07,-70.63,7.6648,406.93
2026-01-15T09:30:00Z,23.96,2.7923,101.178,75.17,-73.19,7.6403,407.66
2026-01-15T09:30:30Z,22.96,2.8299,100.85,74.86,-70.56,7.6328,407.04
2026-01-15T09:31:00Z,22.64,3.1533,101.053,75.87,-71.55,7.6513,407.37
2026-01-15T09:31:30Z,25.54,3.0596,101.065,76.0,-70.76,7.6797,408.1
2026-01-15T09:32:00Z,25.15,2.9687,100.937,75.88,-70.33,7.6849,408.3
2026-01-15T09:32:30Z,27.43,3.0457,101.084,76.79,-69.42,7.6465,407.43
2026-01-15T09:33:00Z,26.02,3.0561,101.176,77.69,-70.24,7.657,407.75
2026-01-15T09:33:30Z,24.52,3.0599,100.988,77.14,-68.37,7.6649,407.91
2026-01-15T09:34:00Z,24.91,2.9684,101.101,77.5,-69.42,7.6749,408.48
2026-01-15T09:34:30Z,30.04,3.1482,101.001,77.35,-68.78,7.6575,407.84
2026-01-15T09:35:00Z,30.74,3.0985,101.019,79.49,-70.26,7.6589,407.89
2026-01-15T09:35:30Z,28.47,3.062,101.191,80.04,-66.41,7.6735,408.55
2026-01-15T09:36:00Z,28.75,3.3648,101.028,80.11,-68.18,7.6943,408.02
2026-01-15T09:36:30Z,32.08,3.3847,101.108,81.23,-67.64,7.6715,408.39
2026-01-15T09:37:00Z,28.79,3.0954,100.921,80.72,-70.17,7.6952,407.78
2026-01-15T09:37:30Z,29.66,3.3816,101.219,81.39,-68.99,7.7212,408.21
2026-01-15T09:38:00Z,32.5,3.5853,101.117,81.66,-66.28,7.6764,407.81
2026-01-15T09:38:30Z,31.47,3.6299,101.054,81.62,-67.18,7.7006,408.03
2026-01-15T09:39:00Z,32.57,3.6592,101.114,81.52,-69.59,7.7275,408.64
2026-01-15T09:39:30Z,32.84,3.5446,100.954,84.6,-65.83,7.7009,408.41
2026-01-15T09:40:00Z,34.08,3.4446,101.161,13.51,-67.51,7.6999,408.37
2026-01-15T09:40:30Z,36.16,3.4404,101.04,14.19,-64.95,7.7368,408.28
2026-01-15T09:41:00Z,34.64,3.6853,101.049,8.59,-66.55,7.7094,408.47
2026-01-15T09:41:30Z,35.91,3.7201,101.025,10.02,-66.0,7.7396,408.66
2026-01-15T09:42:00Z,32.3,3.8849,101.017,13.51,-64.64,7.728,408.9
2026-01-15T09:42:30Z,35.72,3.8843,101.119,8.59,-66.95,7.7144,407.85
2026-01-15T09:43:00Z,34.92,3.7258,101.083,15.41,-66.89,7.7326,408.42
2026-01-15T09:43:30Z,34.73,3.5842,101.114,16.4,-65.76,7.7311,408.74
2026-01-15T09:44:00Z,35.61,3.747,101.06,17.2,-64.38,7.7467,408.69
2026-01-15T09:44:30Z,36.76,3.8502,101.101,9.02,-66.81,7.7169,408.87
2026-01-15T09:45:00Z,38.96,3.8089,101.026,17.4,-67.07,7.7301,408.85
2026-01-15T09:45:30Z,35.9,3.7729,101.237,8.68,-63.95,7.7294,408.7
2026-01-15T09:46:00Z,38.22,3.9165,100.933,12.74,-65.53,7.746,408.66
2026-01-15T09:46:30Z,37.72,3.8207,101.159,16.4,-65.16,7.7126,408.76
2026-01-15T09:47:00Z,38.2,3.8184,101.167,8.7,-66.81,7.7545,409.2
2026-01-15T09:47:30Z,40.42,3.9743,100.988,8.18,-65.3,7.7445,408.65
2026-01-15T09:48:00Z,39.93,3.881,101.234,86.38,-64.4,7.7097,408.87
2026-01-15T09:48:30Z,41.31,3.9901,101.135,85.87,-63.19,7.7611,408.95
2026-01-15T09:49:00Z,39.23,4.0053,101.132,87.23,-65.16,7.7823,409.38
2026-01-15T09:49:30Z,38.56,3.8029,101.056,87.21,-62.19,7.7583,408.83
2026-01-15T09:50:00Z,39.39,3.9096,101.036,86.83,-64.94,7.7673,409.21
2026-01-15T09:50:30Z,40.19,4.204,101.036,86.09,-64.9,7.7409,409.3
2026-01-15T09:51:00Z,40.17,3.8191,101.083,87.06,-62.2,7.7063,408.92
2026-01-15T09:51:30Z,38.33,3.6796,101.163,86.9,-63.77,7.7029,408.87
2026-01-15T09:52:00Z,40.12,3.72,101.065,85.66,-64.67,7.7451,408.84
2026-01-15T09:52:30Z,40.34,4.0044,100.977,85.53,-64.19,7.7282,408.86
2026-01-15T09:53:00Z,43.77,4.0039,101.115,87.56,-62.38,7.7217,409.19
2026-01-15T09:53:30Z,42.77,3.9794,101.122,84.37,-62.26,7.7386,409.0
2026-01-15T09:54:00Z,38.62,4.1756,101.1,87.14,-65.02,7.7519,408.99
2026-01-15T09:54:30Z,39.39,3.5874,101.107,86.41,-64.13,7.7102,408.57
2026-01-15T09:55:00Z,37.53,4.0412,101.025,88.13,-64.01,7.7298,408.61
2026-01-15T09:55:30Z,38.72,4.208,100.971,86.24,-65.36,7.7684,409.53
2026-01-15T09:56:00Z,39.94,3.7952,100.976,87.3,-64.3,7.7161,408.82
2026-01-15T09:56:30Z,41.11,3.8965,100.914,86.14,-64.3,7.7543,408.63
2026-01-15T09:57:00Z,38.03,3.8283,101.063,86.53,-63.02,7.7264,409.27
2026-01-15T09:57:30Z,37.93,3.7935,101.036,87.01,-63.03,7.7461,408.91
2026-01-15T09:58:00Z,35.47,3.8637,101.007,85.66,-64.98,7.7561,408.97
2026-01-15T09:58:30Z,38.2,4.1104,100.805,86.96,-64.95,7.7479,408.74
2026-01-15T09:59:00Z,36.58,4.1542,100.941,84.79,-64.01,7.7501,408.66
2026-01-15T09:59:30Z,37.1,3.8091,101.13,85.89,-65.64,7.7076,408.68
2026-01-15T10:00:00Z,36.27,4.125,100.987,86.31,-64.37,7.7516,408.28
2026-01-15T10:00:30Z,37.12,3.823,101.068,85.84,-65.32,7.7108,408.64
2026-01-15T10:01:00Z,34.29,4.0579,100.927,86.86,-66.53,7.7315,408.73
2026-01-15T10:01:30Z,34.36,3.7568,101.153,83.94,-66.68,7.7299,409.16
2026-01-15T10:02:00Z,39.38,3.7653,101.026,83.08,-63.96,7.7327,408.6
2026-01-15T10:02:30Z,33.86,3.7741,101.06,83.2,-66.06,7.728,407.84
2026-01-15T10:03:00Z,33.73,4.1686,101.222,84.58,-64.09,7.7026,408.47
2026-01-15T10:03:30Z,37.7,3.7909,101.156,84.13,-66.86,7.6905,409.28
2026-01-15T10:04:00Z,38.86,3.5275,101.01,83.44,-66.09,7.733,408.68
2026-01-15T10:04:30Z,32.29,3.7483,100.986,81.91,-63.78,7.7172,408.14
2026-01-15T10:05:00Z,33.02,3.5171,101.007,83.48,-68.13,7.7344,408.52
2026-01-15T10:05:30Z,33.59,3.4653,101.073,81.16,-69.35,7.7084,408.07
2026-01-15T10:06:00Z,35.17,3.6416,101.023,83.21,-65.75,7.6789,407.84
2026-01-15T10:06:30Z,30.59,3.4757,100.999,84.57,-68.52,7.7241,408.1
2026-01-15T10:07:00Z,31.17,3.4777,101.148,81.73,-67.79,7.695,408.19
2026-01-15T10:07:30Z,32.17,3.4021,101.021,81.58,-68.7,7.7068,407.55
2026-01-15T10:08:00Z,31.1,3.4139,101.213,80.14,-67.92,7.6846,407.72
2026-01-15T10:08:30Z,29.33,3.3898,101.036,78.45,-69.63,7.728,408.02
2026-01-15T10:09:00Z,29.12,2.9975,101.171,79.28,-68.96,7.675,407.84
2026-01-15T10:09:30Z,26.68,3.3495,101.056,78.4,-68.46,7.6832,408.03
2026-01-15T10:10:00Z,27.8,3.0631,101.103,77.66,-104.83,7.6895,407.5
2026-01-15T10:10:30Z,27.16,2.9545,100.968,80.43,-101.42,7.6629,408.02
2026-01-15T10:11:00Z,27.31,3.122,100.957,78.58,-99.32,7.6887,407.4
2026-01-15T10:11:30Z,25.52,3.1029,101.061,78.28,-104.11,7.7116,408.2
2026-01-15T10:12:00Z,26.45,2.9455,101.103,77.19,-104.13,7.6668,407.14
2026-01-15T10:12:30Z,26.64,3.133,101.026,76.91,-101.02,7.6818,407.27
2026-01-15T10:13:00Z,24.74,2.7657,100.919,77.63,-103.36,7.6161,407.67
2026-01-15T10:13:30Z,24.41,2.8644,100.913,76.22,-99.89,7.6676,407.99
2026-01-15T10:14:00Z,23.34,2.796,100.907,76.37,-98.35,7.6593,407.53
2026-01-15T10:14:30Z,22.63,2.8349,100.879,75.22,-72.51,7.6464,407.55
2026-01-15T10:15:00Z,20.92,2.8418,101.028,74.66,-71.17,7.6816,407.33
2026-01-15T10:15:30Z,21.85,2.6069,101.109,73.17,-70.56,7.6507,406.96
2026-01-15T10:16:00Z,20.6,2.8249,101.017,72.19,-73.12,7.6509,407.07
2026-01-15T10:16:30Z,23.26,2.684,100.837,73.48,-72.25,7.6441,406.8
2026-01-15T10:17:00Z,21.85,2.3492,101.002,73.39,-73.4,7.6105,406.72
2026-01-15T10:17:30Z,19.45,2.2978,101.003,71.63,-72.95,7.6235,407.17
2026-01-15T10:18:00Z,17.11,2.5487,101.183,72.47,-71.78,7.6626,406.66
2026-01-15T10:18:30Z,15.98,2.4765,100.898,72.15,-73.32,7.5984,407.04
2026-01-15T10:19:00Z,18.83,2.4537,100.983,69.54,-76.33,7.6226,406.5
2026-01-15T10:19:30Z,16.83,2.425,101.15,70.38,-73.93,7.6273,406.93
2026-01-15T10:20:00Z,16.56,2.4234,101.049,71.3,-73.26,7.6675,406.64
2026-01-15T10:20:30Z,12.64,2.4926,101.057,70.89,-75.26,7.6454,407.16
2026-01-15T10:21:00Z,16.07,2.1453,101.021,68.97,-74.06,7.6163,406.78
2026-01-15T10:21:30Z,14.79,2.0982,101.037,69.9,-76.34,7.651,407.0
2026-01-15T10:22:00Z,11.88,2.0726,101.073,70.39,-77.54,7.6076,406.36
2026-01-15T10:22:30Z,12.29,2.2433,100.945,69.78,-75.83,7.6402,406.55
2026-01-15T10:23:00Z,12.86,2.3508,101.079,68.55,-78.35,7.5904,406.19
2026-01-15T10:23:30Z,12.01,2.0643,100.899,67.82,-76.76,7.6367,406.32
2026-01-15T10:24:00Z,10.98,1.7194,101.034,67.32,-75.16,7.6049,406.32
2026-01-15T10:24:30Z,10.76,1.8056,101.021,68.08,-79.22,7.5902,406.14
2026-01-15T10:25:00Z,10.05,1.9037,100.957,67.48,-78.68,7.6042,405.94
2026-01-15T10:25:30Z,10.18,1.9134,101.004,67.6,-78.59,7.612,405.84
2026-01-15T10:26:00Z,11.7,1.9052,100.955,66.8,-77.63,7.5945,405.52
2026-01-15T10:26:30Z,5.2,1.9426,100.919,67.19,-78.19,7.6135,405.87
2026-01-15T10:27:00Z,8.27,1.8615,100.975,66.18,-76.27,7.5889,406.34
2026-01-15T10:27:30Z,8.48,2.0381,100.915,66.59,-76.98,7.6111,405.63
2026-01-15T10:28:00Z,8.26,1.753,101.028,66.41,-77.71,7.6058,405.67
2026-01-15T10:28:30Z,6.88,1.6998,100.91,64.49,-78.3,7.5941,406.58
2026-01-15T10:29:00Z,4.44,1.877,101.058,63.24,-78.16,7.5848,405.82
2026-01-15T10:29:30Z,7.23,1.552,100.906,66.37,-79.82,7.5952,406.08
2026-01-15T10:30:00Z,9.0,1.8192,100.954,64.86,-77.9,7.6017,406.14
2026-01-15T10:30:30Z,3.81,1.7558,100.949,62.69,-80.4,7.6306,406.12
2026-01-15T10:31:00Z,7.12,1.6993,101.104,63.5,-78.19,7.6069,405.44
2026-01-15T10:31:30Z,5.06,1.942,101.024,64.81,-77.88,7.6064,405.8
2026-01-15T10:32:00Z,5.22,1.594,100.98,63.59,-79.16,7.6476,405.36
2026-01-15T10:32:30Z,3.51,1.9814,101.036,63.21,-79.73,7.5951,406.56
2026-01-15T10:33:00Z,4.38,1.6249,100.827,64.99,-79.13,7.5936,405.33
2026-01-15T10:33:30Z,6.65,1.4549,100.992,62.42,-83.12,7.5972,405.47
2026-01-15T10:34:00Z,5.41,1.6461,101.154,62.56,-79.4,7.5622,405.46
2026-01-15T10:34:30Z,6.99,1.4648,101.004,63.47,-79.96,7.5729,405.31
2026-01-15T10:35:00Z,6.04,1.5055,89.596,63.57,-79.94,7.5711,406.15
2026-01-15T10:35:30Z,4.83,1.6712,90.263,63.61,-79.07,7.5937,406.46
2026-01-15T10:36:00Z,6.71,1.6899,88.118,63.98,-80.05,7.577,405.58
2026-01-15T10:36:30Z,4.7,1.5096,89.994,63.23,-81.35,7.583,405.32
2026-01-15T10:37:00Z,5.25,1.7488,100.856,63.5,-80.16,7.6018,405.04
2026-01-15T10:37:30Z,3.56,1.7736,101.006,62.74,-79.92,7.5973,405.64
2026-01-15T10:38:00Z,4.11,1.8162,100.932,63.07,-79.86,7.5768,405.61
2026-01-15T10:38:30Z,3.0,1.6823,101.093,63.14,-79.79,7.5668,405.51
2026-01-15T10:39:00Z,5.58,1.8111,100.962,63.28,-78.71,7.6031,405.78
2026-01-15T10:39:30Z,2.41,1.3296,100.832,63.89,-81.23,7.5963,405.83
2026-01-15T10:40:00Z,5.45,1.5705,100.885,63.74,-79.67,7.5491,405.82
2026-01-15T10:40:30Z,4.11,1.4962,100.766,63.31,-78.28,7.5755,405.63
2026-01-15T10:41:00Z,6.29,1.6535,100.966,62.55,-81.84,7.5857,405.41
2026-01-15T10:41:30Z,5.82,1.5608,100.969,63.53,-79.47,7.5987,405.95
2026-01-15T10:42:00Z,7.61,1.6338,100.95,63.56,-80.31,7.6021,405.77
2026-01-15T10:42:30Z,6.18,1.9547,101.069,63.92,-79.96,7.5905,406.04
2026-01-15T10:43:00Z,2.95,1.6619,101.078,66.08,-80.5,7.5975,406.03
2026-01-15T10:43:30Z,5.46,1.7658,100.968,63.51,-79.51,7.5882,405.38
2026-01-15T10:44:00Z,4.06,1.6866,100.81,64.64,-76.98,7.5746,405.4
2026-01-15T10:44:30Z,5.33,1.7518,101.03,65.47,-80.58,7.5841,405.63
2026-01-15T10:45:00Z,8.68,1.7617,101.024,64.71,-80.33,7.5911,405.56
2026-01-15T10:45:30Z,7.69,1.8496,101.004,67.16,-80.35,7.5915,406.13
2026-01-15T10:46:00Z,6.03,1.98,101.057,64.67,-76.56,7.556,406.03
2026-01-15T10:46:30Z,5.92,2.0763,100.884,65.62,-79.03,7.5873,406.28
2026-01-15T10:47:00Z,7.86,1.9008,101.138,64.75,-78.33,7.5981,406.1
2026-01-15T10:47:30Z,6.39,1.9692,100.9,65.46,-78.61,7.5931,406.07
2026-01-15T10:48:00Z,7.62,1.7356,101.036,66.33,-79.08,7.5956,406.4
2026-01-15T10:48:30Z,9.52,1.9236,100.84,67.21,-78.04,7.6122,406.22
2026-01-15T10:49:00Z,11.23,2.1075,100.9,66.98,-74.61,7.5828,406.13
2026-01-15T10:49:30Z,10.87,2.1269,101.095,68.23,-75.68,7.5739,406.59
2026-01-15T10:50:00Z,6.99,2.0604,100.952,67.19,-78.17,7.6016,406.22
2026-01-15T10:50:30Z,11.37,2.1942,101.039,67.28,-76.15,7.626,406.13
2026-01-15T10:51:00Z,11.53,2.1683,100.991,70.65,-77.7,7.6467,406.01
2026-01-15T10:51:30Z,12.56,2.309,100.963,68.68,-78.61,7.6309,406.51
2026-01-15T10:52:00Z,14.89,2.2075,101.079,67.92,-75.02,7.5882,406.71
2026-01-15T10:52:30Z,9.91,2.1466,100.951,68.31,-74.61,7.6154,406.37
2026-01-15T10:53:00Z,12.66,2.287,100.826,68.42,-74.5,7.6276,406.82
2026-01-15T10:53:30Z,15.0,1.8344,100.904,70.68,-76.07,7.6285,405.88
2026-01-15T10:54:00Z,12.31,2.3693,101.012,69.75,-75.45,7.6382,406.5
2026-01-15T10:54:30Z,17.47,1.8032,100.999,70.63,-74.1,7.6117,406.55
2026-01-15T10:55:00Z,16.4,2.1311,100.841,70.83,-74.27,7.6339,406.39
2026-01-15T10:55:30Z,17.71,2.4969,100.908,72.02,-74.94,7.6437,407.37
2026-01-15T10:56:00Z,16.18,2.5409,100.918,70.85,-76.15,7.6545,406.69
2026-01-15T10:56:30Z,18.87,2.3353,100.935,71.02,-73.8,7.6245,406.63
2026-01-15T10:57:00Z,19.86,2.4437,100.854,72.73,-72.37,7.6365,406.81
2026-01-15T10:57:30Z,19.22,2.7972,100.913,73.52,-74.83,7.592,406.25
2026-01-15T10:58:00Z,19.85,2.5604,100.904,73.66,-72.35,7.6364,406.67
2026-01-15T10:58:30Z,20.52,3.011,101.023,72.94,-72.44,7.6411,407.24
2026-01-15T10:59:00Z,19.45,2.716,101.026,74.84,-71.66,7.634,406.81
2026-01-15T10:59:30Z,21.15,2.8193,100.949,73.84,-71.23,7.6605,406.8
2026-01-15T11:00:00Z,21.77,3.0425,100.928,74.48,-72.83,7.6589,407.49
2026-01-15T11:00:30Z,23.2,2.8615,100.97,74.47,-73.66,7.6176,407.55
2026-01-15T11:01:00Z,24.76,2.7334,100.893,77.14,-72.08,7.6699,407.35
2026-01-15T11:01:30Z,22.29,2.909,100.866,76.89,-70.1,7.6498,407.11
2026-01-15T11:02:00Z,24.32,2.9617,100.882,77.28,-71.54,7.6808,407.23
2026-01-15T11:02:30Z,27.35,2.8037,100.905,78.33,-71.44,7.6483,407.11
2026-01-15T11:03:00Z,24.63,3.0111,100.863,80.31,-72.52,7.6772,407.1
2026-01-15T11:03:30Z,25.12,2.979,100.968,76.19,-67.96,7.6737,407.13
2026-01-15T11:04:00Z,27.26,3.2694,101.013,77.57,-68.8,7.6881,407.31
2026-01-15T11:04:30Z,28.83,3.176,100.827,78.09,-68.6,7.6872,407.23
2026-01-15T11:05:00Z,28.17,3.168,100.955,78.25,-68.1,8.9097,407.12
2026-01-15T11:05:30Z,30.74,3.2336,100.935,78.42,-68.31,8.841,407.7
2026-01-15T11:06:00Z,30.61,3.3216,100.979,79.58,-69.04,9.1936,407.75
2026-01-15T11:06:30Z,31.15,3.4186,100.95,79.04,-68.69,7.6834,408.23
2026-01-15T11:07:00Z,31.28,3.2134,100.834,80.97,-68.76,7.6974,407.57
2026-01-15T11:07:30Z,34.49,3.2438,100.849,81.05,-64.84,7.6878,407.9
2026-01-15T11:08:00Z,31.23,3.6016,100.951,81.84,-67.09,7.7149,407.95
2026-01-15T11:08:30Z,29.06,3.4092,101.031,82.22,-68.08,7.6992,407.82
2026-01-15T11:09:00Z,34.99,3.2928,100.77,82.66,-66.74,7.6877,408.16
2026-01-15T11:09:30Z,32.4,3.6054,100.975,82.01,-68.29,7.7037,408.21
2026-01-15T11:10:00Z,33.73,3.6409,101.041,84.83,-65.05,7.7159,408.11
2026-01-15T11:10:30Z,36.01,3.3733,100.933,83.26,-67.44,7.72,407.97
2026-01-15T11:11:00Z,32.1,3.668,100.989,81.47,-65.84,7.7531,407.98
2026-01-15T11:11:30Z,33.07,3.7735,100.888,82.63,-64.97,7.7042,407.71
2026-01-15T11:12:00Z,32.97,3.7479,100.934,82.18,-65.59,7.718,407.91
2026-01-15T11:12:30Z,34.6,3.8141,100.813,84.21,-65.76,7.7298,408.0
2026-01-15T11:13:00Z,36.84,3.535,100.755,84.33,-65.68,7.7226,407.88
2026-01-15T11:13:30Z,37.35,3.8205,101.017,84.24,-65.6,7.7147,408.38
2026-01-15T11:14:00Z,37.34,3.7495,100.862,86.96,-66.06,7.6953,408.63
2026-01-15T11:14:30Z,35.15,3.7452,100.904,85.73,-65.75,7.7176,408.03
2026-01-15T11:15:00Z,34.12,3.9698,100.829,86.12,-63.3,7.7078,408.41
2026-01-15T11:15:30Z,37.97,4.0814,100.826,84.66,-65.07,7.6961,408.04
2026-01-15T11:16:00Z,37.47,4.1477,100.924,84.79,-65.75,7.716,408.28
2026-01-15T11:16:30Z,39.13,4.0935,100.879,86.0,-65.31,7.7121,408.18
2026-01-15T11:17:00Z,39.74,3.8962,100.967,86.3,-63.26,7.7459,408.58
2026-01-15T11:17:30Z,39.12,3.9805,100.972,84.42,-63.67,7.7472,408.22
2026-01-15T11:18:00Z,40.26,4.0563,100.961,86.23,-63.72,7.718,408.74
2026-01-15T11:18:30Z,39.65,3.9717,100.954,86.55,-64.62,7.7317,408.37
2026-01-15T11:19:00Z,40.26,3.984,101.06,86.43,-63.55,7.7005,408.26
2026-01-15T11:19:30Z,38.55,4.0973,100.848,85.92,-64.95,7.7284,408.09
2026-01-15T11:20:00Z,39.46,3.9729,100.928,86.28,-64.43,7.7468,408.55
2026-01-15T11:20:30Z,40.12,3.8789,101.023,86.71,-62.91,7.7557,408.75
2026-01-15T11:21:00Z,41.13,3.9313,101.033,87.03,-62.99,7.7253,408.57
2026-01-15T11:21:30Z,39.37,4.0922,100.817,87.58,-65.2,7.7608,409.16
2026-01-15T11:22:00Z,40.77,3.9997,100.905,88.07,-65.03,7.7096,408.92
2026-01-15T11:22:30Z,39.6,4.051,101.038,86.71,-63.87,7.715,408.39
2026-01-15T11:23:00Z,39.81,4.0998,100.97,86.54,-61.93,7.7541,408.39
2026-01-15T11:23:30Z,41.2,3.9409,100.944,87.41,-66.32,7.7732,408.62
2026-01-15T11:24:00Z,36.91,4.1069,100.91,87.55,-63.71,7.7494,408.22
2026-01-15T11:24:30Z,37.88,4.0451,100.896,86.45,-65.73,7.7384,408.81
2026-01-15T11:25:00Z,37.5,3.7965,100.949,87.61,-64.88,7.6949,408.56
2026-01-15T11:25:30Z,36.11,4.1901,100.905,87.72,-64.61,7.6978,408.51
2026-01-15T11:26:00Z,38.45,3.8892,100.921,87.94,-64.74,7.7402,408.63
2026-01-15T11:26:30Z,40.43,3.7052,100.93,88.31,-64.95,7.7297,408.92
2026-01-15T11:27:00Z,38.69,3.7845,100.869,85.55,-64.38,7.714,408.44
2026-01-15T11:27:30Z,39.21,3.7745,100.965,86.29,-65.12,7.7365,408.34
2026-01-15T11:28:00Z,40.32,3.9204,101.155,86.14,-66.34,7.7365,408.8
2026-01-15T11:28:30Z,40.44,3.8552,100.779,85.86,-63.76,7.752,408.62
2026-01-15T11:29:00Z,38.07,3.828,100.947,85.14,-63.91,7.7346,408.21
2026-01-15T11:29:30Z,39.92,3.9525,100.859,84.11,-63.92,7.7552,408.28
2026-01-15T11:30:00Z,37.73,3.8902,100.966,85.48,-66.92,7.7294,378.52
2026-01-15T11:30:30Z,36.01,3.8651,100.923,84.41,-64.86,7.7255,386.92
2026-01-15T11:31:00Z,36.03,3.8563,100.979,85.03,-64.56,7.7476,384.92
2026-01-15T11:31:30Z,34.34,3.8632,101.012,83.91,-66.77,7.7052,387.52
2026-01-15T11:32:00Z,34.85,3.4294,100.932,83.36,-65.68,7.7793,381.14
2026-01-15T11:32:30Z,35.25,3.6646,101.007,84.43,-66.01,7.7288,382.86
2026-01-15T11:33:00Z,36.58,3.3647,100.728,84.07,-63.84,7.7271,407.85
2026-01-15T11:33:30Z,37.53,3.6686,101.042,84.21,-63.94,7.728,408.2
2026-01-15T11:34:00Z,32.43,3.6329,100.944,85.52,-68.44,7.7531,407.92
2026-01-15T11:34:30Z,34.63,3.7598,101.0,83.31,-63.65,7.7294,407.99
2026-01-15T11:35:00Z,32.01,3.7495,100.815,83.2,-67.96,7.6793,407.52
2026-01-15T11:35:30Z,33.79,3.5692,100.846,81.31,-65.9,7.7373,407.71
2026-01-15T11:36:00Z,32.38,3.4303,100.923,80.77,-66.13,7.7002,407.98
2026-01-15T11:36:30Z,29.32,3.5438,100.909,83.29,-68.72,7.7069,407.93
2026-01-15T11:37:00Z,32.93,3.3567,100.933,80.44,-67.17,7.6768,407.49
2026-01-15T11:37:30Z,30.09,3.3998,100.996,79.96,-68.13,7.7105,407.71
2026-01-15T11:38:00Z,29.65,3.5113,100.768,80.59,-67.58,7.6845,408.27
2026-01-15T11:38:30Z,28.29,3.2424,100.986,80.17,-68.22,7.6971,407.56
2026-01-15T11:39:00Z,28.34,3.4089,100.908,78.98,-67.31,7.6869,407.31
2026-01-15T11:39:30Z,29.38,3.3511,100.891,79.19,-68.91,7.7285,407.41
2026-01-15T11:40:00Z,27.87,3.0672,100.788,80.33,-69.47,7.727,407.44
2026-01-15T11:40:30Z,28.06,3.3169,100.946,77.9,-68.21,7.6857,407.31
2026-01-15T11:41:00Z,27.5,3.2355,100.712,76.91,-69.1,7.6833,407.3
2026-01-15T11:41:30Z,28.34,3.1056,100.956,78.85,-69.19,7.6719,406.82
2026-01-15T11:42:00Z,25.23,2.9351,100.784,77.99,-71.13,7.6988,406.91
2026-01-15T11:42:30Z,22.91,2.8795,100.907,76.46,-71.87,7.6673,407.1
2026-01-15T11:43:00Z,26.11,2.8864,100.893,75.09,-71.57,7.6627,407.04
2026-01-15T11:43:30Z,23.38,3.0068,100.995,75.51,-71.91,7.6879,406.87
2026-01-15T11:44:00Z,24.93,2.7404,100.887,75.78,-70.5,7.6548,406.93
2026-01-15T11:44:30Z,23.2,2.9075,100.845,76.58,-70.55,7.662,406.95
2026-01-15T11:45:00Z,21.8,2.6137,100.859,73.96,-72.19,7.6284,407.14
2026-01-15T11:45:30Z,21.89,2.7275,101.001,74.5,-70.56,7.6713,406.79
2026-01-15T11:46:00Z,23.67,2.7327,100.941,74.84,-70.92,7.6932,406.88
2026-01-15T11:46:30Z,23.23,3.0413,100.867,71.36,-72.54,7.6661,406.55
2026-01-15T11:47:00Z,19.6,2.4264,100.878,74.36,-74.1,7.6781,406.83
2026-01-15T11:47:30Z,19.11,2.8124,100.771,71.73,-71.5,7.6292,406.71
2026-01-15T11:48:00Z,19.87,2.573,100.927,72.84,-73.74,7.6481,406.81
2026-01-15T11:48:30Z,16.38,2.5714,100.754,72.34,-73.78,7.6218,406.71
2026-01-15T11:49:00Z,17.54,2.487,100.954,72.78,-74.61,7.6334,406.62
2026-01-15T11:49:30Z,16.4,2.4959,100.904,71.84,-75.54,7.6507,406.36
2026-01-15T11:50:00Z,16.31,2.3665,101.084,68.52,-76.5,7.6347,406.41
2026-01-15T11:50:30Z,14.01,2.5686,100.804,69.72,-74.24,7.6018,406.6
2026-01-15T11:51:00Z,12.29,2.2434,100.883,70.26,-76.19,7.6012,406.04
2026-01-15T11:51:30Z,11.0,2.4438,101.035,69.54,-71.84,7.5973,405.99
2026-01-15T11:52:00Z,11.87,2.14,100.985,69.84,-77.06,7.6323,406.19
2026-01-15T11:52:30Z,12.31,2.191,100.834,69.79,-77.51,7.6613,406.21
2026-01-15T11:53:00Z,12.02,2.0033,100.907,69.25,-75.63,7.6449,405.79
2026-01-15T11:53:30Z,14.84,2.1972,100.888,68.08,-74.64,7.5773,405.97
2026-01-15T11:54:00Z,13.08,2.3114,100.91,66.1,-76.62,7.6414,405.92
2026-01-15T11:54:30Z,9.47,2.0496,100.831,67.16,-76.24,7.6295,405.24
2026-01-15T11:55:00Z,10.95,1.9991,100.879,67.7,-79.35,7.5777,405.79
2026-01-15T11:55:30Z,9.35,1.8299,100.758,65.88,-78.17,7.6004,405.77
2026-01-15T11:56:00Z,9.07,1.932,100.896,67.3,-78.85,7.6263,405.73
2026-01-15T11:56:30Z,9.33,1.6979,100.92,67.28,-80.03,7.6135,406.16
2026-01-15T11:57:00Z,9.55,1.7713,100.865,66.21,-77.8,7.5744,405.33
2026-01-15T11:57:30Z,7.7,1.9148,100.754,62.74,-80.82,7.6109,405.41
2026-01-15T11:58:00Z,9.41,2.0522,100.961,64.27,-79.89,7.5542,404.84
2026-01-15T11:58:30Z,5.72,2.2506,100.911,67.18,-79.12,7.5908,405.45
2026-01-15T11:59:00Z,7.09,1.7172,100.823,64.51,-79.63,7.6164,405.44
2026-01-15T11:59:30Z,10.63,1.9976,100.858,62.84,-78.31,7.5925,405.38
2026-01-15T12:00:00Z,53.19,5.8642,100.759,65.84,-89.83,7.5807,405.83
2026-01-15T12:00:30Z,52.62,6.9682,100.797,64.42,-89.02,7.6072,405.73
2026-01-15T12:01:00Z,48.83,6.213,100.835,65.32,-89.64,7.6076,405.47
2026-01-15T12:01:30Z,49.03,6.1479,100.976,64.31,-90.86,7.6131,405.31
2026-01-15T12:02:00Z,5.23,1.7039,100.826,64.33,-79.42,7.6033,405.71
2026-01-15T12:02:30Z,4.83,1.6111,100.927,64.09,-79.15,7.6065,405.37
2026-01-15T12:03:00Z,3.71,1.449,100.832,64.28,-78.99,7.5986,405.11
2026-01-15T12:03:30Z,5.34,1.4149,100.895,65.74,-79.52,7.5884,404.82
2026-01-15T12:04:00Z,3.26,1.7336,100.863,64.33,-80.24,7.5842,405.19
2026-01-15T12:04:30Z,5.39,1.5847,100.943,61.68,-80.22,7.577,405.53
2026-01-15T12:05:00Z,5.9,1.5288,100.83,63.63,-80.86,7.557,405.98
2026-01-15T12:05:30Z,4.72,1.613,100.746,64.26,-79.42,7.5617,405.3
2026-01-15T12:06:00Z,3.67,1.7258,100.761,64.27,-80.07,7.5748,405.05
2026-01-15T12:06:30Z,4.72,1.63,100.828,62.6,-80.78,7.585,404.91
2026-01-15T12:07:00Z,3.55,1.5023,100.77,64.17,-80.79,7.6089,405.43
2026-01-15T12:07:30Z,5.4,1.7839,100.902,63.93,-81.45,7.5792,404.73
2026-01-15T12:08:00Z,1.26,1.8376,100.832,65.58,-78.82,7.6001,405.42
2026-01-15T12:08:30Z,3.54,1.6771,101.058,62.28,-79.89,7.6018,405.5
2026-01-15T12:09:00Z,1.11,1.7526,100.728,62.56,-80.99,7.5758,405.39
2026-01-15T12:09:30Z,1.93,1.798,100.883,62.81,-78.95,7.5927,405.2
2026-01-15T12:10:00Z,6.32,1.7877,100.776,62.69,-80.55,7.5763,405.44
2026-01-15T12:10:30Z,5.74,1.7183,100.826,62.37,-81.51,7.6082,405.33
2026-01-15T12:11:00Z,3.46,1.7254,100.876,60.59,-78.54,7.5951,405.05
2026-01-15T12:11:30Z,2.44,1.7244,100.678,63.03,-80.33,7.5593,405.85
2026-01-15T12:12:00Z,0.43,1.4941,100.882,63.96,-80.1,7.5871,405.21
2026-01-15T12:12:30Z,4.27,1.7775,101.015,63.23,-79.47,7.6178,405.56
2026-01-15T12:13:00Z,8.94,1.484,100.826,65.81,-78.05,7.5822,404.62
2026-01-15T12:13:30Z,6.21,1.5846,100.882,64.05,-79.28,7.5959,405.74
2026-01-15T12:14:00Z,4.98,1.917,100.943,65.51,-80.63,7.599,405.82
2026-01-15T12:14:30Z,6.8,1.8665,100.847,64.67,-78.41,7.5686,405.41
2026-01-15T12:15:00Z,4.07,1.9839,100.813,65.43,-79.51,7.6009,405.59
2026-01-15T12:15:30Z,6.29,1.7416,100.677,65.1,-76.52,7.5643,405.62
2026-01-15T12:16:00Z,7.23,1.6323,100.909,66.42,-78.63,7.5812,405.28
2026-01-15T12:16:30Z,7.31,1.7931,100.848,65.35,-81.15,7.6168,405.67
2026-01-15T12:17:00Z,9.0,1.8697,100.776,66.04,-77.88,7.6041,405.29
2026-01-15T12:17:30Z,8.73,1.8926,100.866,66.17,-75.79,7.5926,405.38
2026-01-15T12:18:00Z,9.63,2.0783,100.809,65.79,-76.05,7.6095,405.93
2026-01-15T12:18:30Z,8.02,1.8826,100.812,66.77,-75.56,7.6013,405.92
2026-01-15T12:19:00Z,10.84,2.0192,100.903,68.9,-78.78,7.6047,405.45
2026-01-15T12:19:30Z,12.4,1.8487,100.746,66.7,-76.26,7.6196,405.48
2026-01-15T12:20:00Z,8.97,2.0962,100.937,67.71,-78.01,7.594,405.54
2026-01-15T12:20:30Z,9.59,2.0617,100.74,68.87,-76.66,7.6116,405.99
2026-01-15T12:21:00Z,13.42,1.9822,100.798,69.09,-78.23,7.6067,405.51
2026-01-15T12:21:30Z,11.65,2.0936,101.005,68.3,-77.25,7.5836,405.96
2026-01-15T12:22:00Z,14.57,2.1365,100.94,66.26,-77.05,7.5992,406.12
2026-01-15T12:22:30Z,12.34,2.1595,100.857,69.52,-74.92,7.6514,405.91
2026-01-15T12:23:00Z,15.73,2.5023,100.774,67.15,-74.79,7.6301,406.28
2026-01-15T12:23:30Z,14.31,2.2592,100.806,71.21,-75.17,7.5985,405.93
2026-01-15T12:24:00Z,15.07,2.2753,100.853,70.29,-76.87,7.5967,406.0
2026-01-15T12:24:30Z,17.6,2.0359,100.85,71.5,-75.37,7.6278,405.82
2026-01-15T12:25:00Z,85.83,2.2554,100.839,69.99,-75.63,7.6639,406.46
2026-01-15T12:25:30Z,15.03,2.3897,100.843,69.74,-73.43,7.6315,405.98
2026-01-15T12:26:00Z,16.37,2.3664,100.828,71.95,-72.79,7.6641,406.36
2026-01-15T12:26:30Z,18.32,2.7169,100.729,72.06,-72.67,7.6477,406.28
2026-01-15T12:27:00Z,15.91,2.5258,100.802,72.01,-74.57,7.6528,406.04
2026-01-15T12:27:30Z,19.83,2.7849,100.916,73.0,-76.68,7.6194,406.22
2026-01-15T12:28:00Z,18.69,2.6422,100.733,76.1,-75.23,7.6676,406.86
2026-01-15T12:28:30Z,21.84,2.6802,100.826,74.58,-71.13,7.6449,406.56
2026-01-15T12:29:00Z,17.15,2.703,100.775,75.21,-73.04,7.6717,406.25
2026-01-15T12:29:30Z,20.19,2.7587,100.849,75.43,-73.18,7.6409,406.69
2026-01-15T12:30:00Z,19.47,3.0578,100.808,76.48,-70.03,7.6635,406.6
2026-01-15T12:30:30Z,21.39,2.4939,100.957,75.23,-70.2,7.6698,407.73
2026-01-15T12:31:00Z,23.63,2.5835,100.879,73.78,-71.41,7.6625,406.83
2026-01-15T12:31:30Z,23.61,2.844,100.732,76.07,-71.52,7.6765,406.68
2026-01-15T12:32:00Z,24.13,2.9692,100.89,77.48,-71.05,7.6658,407.27
2026-01-15T12:32:30Z,24.89,3.1119,100.774,76.11,-70.34,7.6609,406.34
2026-01-15T12:33:00Z,26.05,3.1205,100.789,77.32,-68.42,7.7087,406.97
2026-01-15T12:33:30Z,24.84,3.0327,100.86,77.21,-69.56,7.7003,407.59
2026-01-15T12:34:00Z,28.02,3.2836,100.795,79.81,-68.92,7.6668,407.01
2026-01-15T12:34:30Z,28.56,3.3253,100.905,79.46,-68.12,7.6961,406.57
2026-01-15T12:35:00Z,28.73,3.238,100.771,79.76,-70.67,7.6725,407.02
2026-01-15T12:35:30Z,29.58,3.3939,100.783,80.12,-68.1,7.6663,407.62
2026-01-15T12:36:00Z,29.77,3.329,100.779,79.84,-69.1,7.7132,407.34
2026-01-15T12:36:30Z,32.94,3.2418,100.785,80.46,-71.51,7.661,407.02
2026-01-15T12:37:00Z,30.32,3.468,100.918,79.45,-70.8,7.7161,407.11
2026-01-15T12:37:30Z,30.54,3.4166,100.88,78.81,-69.22,7.6949,407.19
2026-01-15T12:38:00Z,30.41,3.4361,100.966,81.51,-67.12,7.6982,407.51
2026-01-15T12:38:30Z,30.52,3.692,101.009,82.03,-67.39,7.7129,407.85
2026-01-15T12:39:00Z,30.71,3.1377,100.745,83.26,-67.08,7.7186,407.8
2026-01-15T12:39:30Z,31.75,3.3261,100.832,83.96,-64.73,7.6927,407.66
2026-01-15T12:40:00Z,33.46,3.3933,100.732,5.54,-68.38,7.7258,407.16
2026-01-15T12:40:30Z,34.55,3.5485,100.763,82.03,-66.68,7.7158,407.2
2026-01-15T12:41:00Z,34.58,3.5954,100.774,82.98,-66.08,7.6905,407.79
2026-01-15T12:41:30Z,33.8,3.4371,100.739,84.11,-67.13,7.7141,407.27
2026-01-15T12:42:00Z,36.73,3.544,100.739,86.45,-66.02,7.7471,407.63
2026-01-15T12:42:30Z,36.9,3.5901,100.811,85.67,-67.79,7.7548,407.83
2026-01-15T12:43:00Z,35.94,4.1142,100.725,85.58,-64.0,7.7374,407.42
2026-01-15T12:43:30Z,35.58,4.0411,100.889,84.32,-66.35,7.7009,407.49
2026-01-15T12:44:00Z,37.75,3.7331,100.747,84.07,-62.93,7.7361,407.79
2026-01-15T12:44:30Z,37.55,3.7631,101.045,85.97,-65.25,7.7449,408.0
2026-01-15T12:45:00Z,35.42,3.6668,100.783,84.29,-63.84,7.7438,408.19
2026-01-15T12:45:30Z,37.79,3.5733,100.824,85.36,-65.0,7.7463,408.08
2026-01-15T12:46:00Z,38.57,3.861,100.714,85.67,-64.85,7.7392,407.94
2026-01-15T12:46:30Z,37.09,3.7466,100.954,87.56,-65.39,7.7316,407.71
2026-01-15T12:47:00Z,38.97,3.8999,100.906,85.77,-64.44,7.722,407.63
2026-01-15T12:47:30Z,36.73,3.6876,100.84,83.84,-64.1,7.6972,407.82
2026-01-15T12:48:00Z,41.12,3.827,100.708,86.92,-65.33,7.7429,408.11
2026-01-15T12:48:30Z,41.17,3.9758,100.832,85.84,-64.46,7.7406,408.1
2026-01-15T12:49:00Z,39.09,4.0193,100.724,86.69,-64.97,7.7488,407.38
2026-01-15T12:49:30Z,40.15,4.0364,100.93,86.65,-61.42,7.7115,407.78
2026-01-15T12:50:00Z,36.11,3.7837,100.877,86.54,-64.23,7.7517,408.39
2026-01-15T12:50:30Z,38.09,4.1165,100.82,87.67,-62.22,7.7803,408.05
2026-01-15T12:51:00Z,39.46,3.8734,100.616,85.4,-64.28,7.7411,407.61
2026-01-15T12:51:30Z,38.35,4.092,100.732,86.45,-63.71,7.7386,408.74
2026-01-15T12:52:00Z,41.06,3.9977,100.865,87.68,-65.59,7.7461,408.03
2026-01-15T12:52:30Z,43.0,3.7935,100.906,86.39,-64.54,7.7806,408.15
2026-01-15T12:53:00Z,38.22,3.9518,100.897,85.38,-63.75,7.7195,408.15
2026-01-15T12:53:30Z,38.7,4.0519,100.681,87.64,-62.12,7.7439,407.92
2026-01-15T12:54:00Z,40.25,4.0854,100.831,88.06,-63.78,7.7236,407.8
2026-01-15T12:54:30Z,42.24,3.9672,100.888,86.84,-62.42,7.7283,408.65
2026-01-15T12:55:00Z,37.89,4.2115,100.673,84.86,-63.35,7.7378,408.3
2026-01-15T12:55:30Z,39.98,4.1249,100.805,87.44,-62.22,7.7652,408.23
2026-01-15T12:56:00Z,42.2,3.9259,100.827,84.98,-64.31,7.7736,408.15
2026-01-15T12:56:30Z,36.83,4.066,100.78,86.84,-61.44,7.7459,407.66
2026-01-15T12:57:00Z,37.2,4.2313,100.655,85.53,-64.97,7.7286,408.32
2026-01-15T12:57:30Z,38.28,4.2217,100.777,85.12,-65.4,7.785,407.67
2026-01-15T12:58:00Z,37.91,3.7284,100.776,85.68,-66.03,7.7256,407.98
2026-01-15T12:58:30Z,39.66,3.7573,100.789,85.78,-61.89,7.7217,407.38
2026-01-15T12:59:00Z,38.54,4.1013,100.756,85.14,-63.83,7.6964,407.24
2026-01-15T12:59:30Z,35.23,3.7008,100.765,86.18,-65.34,7.7586,407.92
